{
  "project_info": {
    "project_number": "831470701087",
    "project_id": "signup-login-realtime-79a8d",
    "storage_bucket": "signup-login-realtime-79a8d.appspot.com"
  },
  "client": [
    {
      "client_info": {
        "mobilesdk_app_id": "1:831470701087:android:14dceeee8356ec3ecea32a",
        "android_client_info": {
          "package_name": "com.example.signuploginrealtime"
        }
      },
      "oauth_client": [
        {
          "client_id": "831470701087-l83avqn3sjakpiacdsvmjclin4tt233n.apps.googleusercontent.com",
          "client_type": 3
        }
      ],
      "api_key": [
        {
          "current_key": "AIzaSyA-qwRAh6kBBw0quM1Wo_eyQoZN3YdBbmA"
        }
      ],
      "services": {
        "appinvite_service": {
          "other_platform_oauth_client": [
            {
              "client_id": "831470701087-l83avqn3sjakpiacdsvmjclin4tt233n.apps.googleusercontent.com",
              "client_type": 3
            }
          ]
        }
      }
    }
  ],
  "configuration_version": "1"
}